{"stats":{"minecraft:custom":{"minecraft:open_chest":3,"minecraft:time_since_rest":14825,"minecraft:sprint_one_cm":24260,"minecraft:play_time":14825,"minecraft:damage_taken":64,"minecraft:walk_one_cm":17475,"minecraft:sneak_time":30,"minecraft:walk_under_water_one_cm":4084,"minecraft:mob_kills":2,"minecraft:jump":87,"minecraft:damage_dealt":200,"minecraft:leave_game":2,"minecraft:walk_on_water_one_cm":9065,"minecraft:time_since_death":14825,"minecraft:total_world_time":14825,"minecraft:swim_one_cm":15410,"minecraft:fall_one_cm":1579,"minecraft:fly_one_cm":16555},"minecraft:picked_up":{"minecraft:spruce_planks":1,"minecraft:porkchop":3,"minecraft:sand":1,"minecraft:spruce_log":1,"minecraft:dirt":1},"minecraft:used":{"minecraft:carrot":2,"minecraft:spruce_log":1},"minecraft:killed":{"minecraft:pig":2},"minecraft:mined":{"minecraft:grass":4,"minecraft:grass_block":1,"minecraft:spruce_planks":1,"minecraft:sand":1,"minecraft:spruce_log":1}},"DataVersion":3465}